{
  "numSplats": 63441,
  "numBones": 441,
  "numFrames": 975,
  "bounds": {
    "min": [
      -0.1428949534893036,
      -0.08072012662887573,
      -0.5550580024719238
    ],
    "max": [
      0.27725619077682495,
      1.7631337642669678,
      0.5546797513961792
    ]
  },
  "skeleton": {
    "parents": [
      -1,
      0,
      1,
      2,
      3,
      4,
      5,
      6,
      7,
      8,
      6,
      10,
      11,
      12,
      13,
      14,
      15,
      16,
      13,
      18,
      19,
      20,
      13,
      22,
      23,
      13,
      25,
      26,
      27,
      13,
      29,
      30,
      31,
      6,
      33,
      34,
      35,
      36,
      37,
      38,
      39,
      36,
      41,
      42,
      43,
      36,
      45,
      46,
      36,
      48,
      49,
      50,
      36,
      52,
      53,
      54,
      1,
      56,
      57,
      58,
      59,
      60,
      59,
      62,
      59,
      64,
      59,
      66,
      59,
      68,
      57,
      1,
      71,
      72,
      73,
      74,
      75,
      74,
      77,
      74,
      79,
      74,
      81,
      74,
      83,
      72,
      8,
      86,
      86,
      86,
      86,
      9,
      91,
      91,
      91,
      91,
      91,
      91,
      91,
      91,
      91,
      91,
      91,
      91,
      91,
      91,
      91,
      91,
      91,
      91,
      91,
      91,
      91,
      112,
      112,
      112,
      112,
      112,
      112,
      91,
      119,
      119,
      119,
      119,
      119,
      119,
      119,
      119,
      119,
      119,
      119,
      91,
      131,
      131,
      131,
      131,
      131,
      131,
      131,
      131,
      131,
      131,
      131,
      91,
      143,
      143,
      143,
      143,
      143,
      143,
      91,
      150,
      150,
      150,
      150,
      150,
      150,
      91,
      157,
      157,
      157,
      157,
      157,
      157,
      91,
      164,
      164,
      164,
      164,
      164,
      164,
      91,
      91,
      91,
      173,
      173,
      173,
      91,
      177,
      177,
      177,
      91,
      181,
      181,
      91,
      184,
      91,
      186,
      186,
      91,
      189,
      91,
      191,
      191,
      191,
      91,
      195,
      195,
      195,
      91,
      199,
      200,
      91,
      202,
      203,
      91,
      205,
      205,
      205,
      91,
      209,
      209,
      209,
      91,
      213,
      91,
      215,
      215,
      91,
      218,
      218,
      91,
      221,
      221,
      91,
      224,
      224,
      91,
      227,
      227,
      91,
      91,
      91,
      232,
      91,
      91,
      91,
      91,
      91,
      91,
      91,
      91,
      91,
      91,
      91,
      91,
      91,
      91,
      91,
      91,
      91,
      91,
      91,
      91,
      253,
      253,
      253,
      91,
      257,
      257,
      257,
      91,
      91,
      91,
      263,
      263,
      91,
      266,
      266,
      91,
      269,
      269,
      91,
      272,
      272,
      91,
      275,
      276,
      276,
      276,
      276,
      275,
      281,
      281,
      281,
      281,
      281,
      281,
      275,
      288,
      288,
      288,
      288,
      288,
      275,
      294,
      294,
      294,
      294,
      294,
      294,
      294,
      91,
      91,
      91,
      91,
      91,
      306,
      307,
      307,
      307,
      307,
      307,
      307,
      307,
      307,
      306,
      316,
      316,
      316,
      316,
      316,
      316,
      316,
      316,
      306,
      325,
      325,
      325,
      325,
      325,
      325,
      325,
      325,
      306,
      334,
      334,
      334,
      334,
      334,
      306,
      340,
      340,
      340,
      340,
      340,
      306,
      346,
      346,
      346,
      346,
      346,
      346,
      306,
      353,
      353,
      353,
      353,
      353,
      353,
      91,
      91,
      91,
      91,
      91,
      91,
      91,
      91,
      91,
      91,
      91,
      91,
      91,
      372,
      372,
      372,
      372,
      372,
      372,
      378,
      379,
      379,
      379,
      379,
      379,
      379,
      379,
      379,
      378,
      388,
      388,
      388,
      388,
      388,
      388,
      388,
      378,
      396,
      396,
      396,
      396,
      396,
      396,
      396,
      378,
      404,
      404,
      404,
      404,
      404,
      378,
      410,
      410,
      410,
      410,
      410,
      91,
      416,
      416,
      416,
      416,
      416,
      421,
      421,
      421,
      421,
      416,
      426,
      426,
      426,
      426,
      416,
      416,
      416,
      416,
      416,
      416,
      416,
      416,
      416,
      416
    ],